{"stats":{"minecraft:custom":{"minecraft:time_since_rest":107845,"minecraft:sprint_one_cm":27779,"minecraft:damage_taken":20,"minecraft:walk_one_cm":140515,"minecraft:mob_kills":3,"minecraft:drop":3,"minecraft:damage_dealt":579,"minecraft:fly_one_cm":644887,"minecraft:open_chest":5,"minecraft:crouch_one_cm":21,"minecraft:play_time":107845,"minecraft:sneak_time":81,"minecraft:jump":239,"minecraft:walk_on_water_one_cm":271,"minecraft:time_since_death":107845,"minecraft:total_world_time":107845},"minecraft:used":{"minecraft:netherite_block":10,"minecraft:oak_stairs":59,"minecraft:redstone":320,"minecraft:stone":477,"minecraft:iron_sword":16,"minecraft:gravel":17,"minecraft:torch":1,"minecraft:mossy_cobblestone":76,"minecraft:cobblestone":124,"minecraft:oak_slab":130,"minecraft:tnt":138},"minecraft:dropped":{"minecraft:gravel":1,"minecraft:tnt":1,"minecraft:dandelion":1},"minecraft:killed":{"minecraft:sheep":1,"minecraft:bee":1,"minecraft:cow":1},"minecraft:picked_up":{"minecraft:birch_log":1,"minecraft:azure_bluet":1,"minecraft:oak_door":1,"minecraft:torch":4,"minecraft:dandelion":2,"minecraft:gravel":8,"minecraft:redstone":1,"minecraft:leather_helmet":1,"minecraft:dirt":39,"minecraft:mossy_cobblestone":2,"minecraft:tnt":1,"minecraft:bone":2,"minecraft:arrow":2,"minecraft:wheat_seeds":2,"minecraft:beef":3,"minecraft:stripped_oak_wood":1,"minecraft:chest":1,"minecraft:mutton":1,"minecraft:coal":17,"minecraft:white_wool":1,"minecraft:cobblestone":16}},"DataVersion":3465}