{"stats":{"minecraft:custom":{"minecraft:jump":54,"minecraft:open_chest":1,"minecraft:time_since_rest":23845,"minecraft:crouch_one_cm":21,"minecraft:sprint_one_cm":26707,"minecraft:play_time":23845,"minecraft:time_since_death":23845,"minecraft:walk_one_cm":27355,"minecraft:sneak_time":72,"minecraft:total_world_time":23845,"minecraft:fly_one_cm":102386},"minecraft:used":{"minecraft:netherite_block":2,"minecraft:redstone":69},"minecraft:picked_up":{"minecraft:redstone":1,"minecraft:dandelion":1}},"DataVersion":3465}