{"stats":{"minecraft:custom":{"minecraft:time_since_rest":59845,"minecraft:open_chest":5,"minecraft:crouch_one_cm":21,"minecraft:play_time":59845,"minecraft:sprint_one_cm":27546,"minecraft:walk_one_cm":112506,"minecraft:sneak_time":81,"minecraft:mob_kills":3,"minecraft:drop":2,"minecraft:jump":171,"minecraft:damage_dealt":579,"minecraft:time_since_death":59845,"minecraft:walk_on_water_one_cm":271,"minecraft:total_world_time":59845,"minecraft:fly_one_cm":494411,"minecraft:damage_taken":20},"minecraft:used":{"minecraft:torch":1,"minecraft:netherite_block":10,"minecraft:tnt":138,"minecraft:redstone":320,"minecraft:iron_sword":16,"minecraft:gravel":17},"minecraft:dropped":{"minecraft:gravel":1,"minecraft:tnt":1},"minecraft:killed":{"minecraft:sheep":1,"minecraft:bee":1,"minecraft:cow":1},"minecraft:picked_up":{"minecraft:birch_log":1,"minecraft:tnt":1,"minecraft:azure_bluet":1,"minecraft:arrow":2,"minecraft:bone":2,"minecraft:oak_door":1,"minecraft:wheat_seeds":2,"minecraft:torch":4,"minecraft:dandelion":1,"minecraft:gravel":8,"minecraft:beef":3,"minecraft:stripped_oak_wood":1,"minecraft:coal":17,"minecraft:redstone":1,"minecraft:mutton":1,"minecraft:chest":1,"minecraft:white_wool":1,"minecraft:dirt":39,"minecraft:mossy_cobblestone":2,"minecraft:cobblestone":16,"minecraft:leather_helmet":1}},"DataVersion":3465}