{"stats":{"minecraft:custom":{"minecraft:time_since_rest":47845,"minecraft:open_chest":5,"minecraft:crouch_one_cm":21,"minecraft:play_time":47845,"minecraft:sprint_one_cm":27546,"minecraft:walk_one_cm":86178,"minecraft:sneak_time":81,"minecraft:drop":1,"minecraft:jump":116,"minecraft:time_since_death":47845,"minecraft:walk_on_water_one_cm":271,"minecraft:total_world_time":47845,"minecraft:fly_one_cm":314891},"minecraft:used":{"minecraft:torch":1,"minecraft:netherite_block":10,"minecraft:tnt":89,"minecraft:redstone":320,"minecraft:gravel":16},"minecraft:dropped":{"minecraft:tnt":1},"minecraft:picked_up":{"minecraft:tnt":1,"minecraft:azure_bluet":1,"minecraft:oak_door":1,"minecraft:torch":4,"minecraft:dandelion":1,"minecraft:gravel":8,"minecraft:redstone":1,"minecraft:chest":1,"minecraft:dirt":23,"minecraft:mossy_cobblestone":2,"minecraft:cobblestone":7,"minecraft:leather_helmet":1}},"DataVersion":3465}