{"stats":{"minecraft:custom":{"minecraft:jump":93,"minecraft:open_chest":2,"minecraft:time_since_rest":35845,"minecraft:crouch_one_cm":21,"minecraft:sprint_one_cm":27546,"minecraft:play_time":35845,"minecraft:time_since_death":35845,"minecraft:walk_one_cm":84158,"minecraft:sneak_time":81,"minecraft:total_world_time":35845,"minecraft:fly_one_cm":199159},"minecraft:used":{"minecraft:netherite_block":10,"minecraft:torch":1,"minecraft:gravel":4,"minecraft:redstone":320},"minecraft:picked_up":{"minecraft:azure_bluet":1,"minecraft:redstone":1,"minecraft:dandelion":1,"minecraft:gravel":1}},"DataVersion":3465}