{"stats":{"minecraft:custom":{"minecraft:time_since_rest":112946,"minecraft:sprint_one_cm":27779,"minecraft:damage_taken":20,"minecraft:walk_one_cm":141274,"minecraft:mob_kills":3,"minecraft:drop":3,"minecraft:damage_dealt":579,"minecraft:fly_one_cm":667394,"minecraft:open_chest":5,"minecraft:crouch_one_cm":21,"minecraft:play_time":112946,"minecraft:sneak_time":81,"minecraft:jump":251,"minecraft:leave_game":1,"minecraft:walk_on_water_one_cm":271,"minecraft:time_since_death":112946,"minecraft:total_world_time":112946},"minecraft:used":{"minecraft:netherite_block":10,"minecraft:oak_stairs":63,"minecraft:redstone":320,"minecraft:stone":513,"minecraft:iron_sword":16,"minecraft:smooth_quartz":23,"minecraft:gravel":17,"minecraft:torch":1,"minecraft:mossy_cobblestone":76,"minecraft:cobblestone":124,"minecraft:oak_slab":173,"minecraft:tnt":138},"minecraft:dropped":{"minecraft:gravel":1,"minecraft:tnt":1,"minecraft:dandelion":1},"minecraft:killed":{"minecraft:sheep":1,"minecraft:bee":1,"minecraft:cow":1},"minecraft:picked_up":{"minecraft:birch_log":1,"minecraft:azure_bluet":1,"minecraft:oak_door":1,"minecraft:torch":4,"minecraft:dandelion":2,"minecraft:gravel":8,"minecraft:redstone":1,"minecraft:leather_helmet":1,"minecraft:dirt":39,"minecraft:mossy_cobblestone":2,"minecraft:tnt":1,"minecraft:bone":2,"minecraft:arrow":2,"minecraft:wheat_seeds":2,"minecraft:beef":3,"minecraft:stripped_oak_wood":1,"minecraft:chest":1,"minecraft:mutton":1,"minecraft:coal":17,"minecraft:white_wool":1,"minecraft:cobblestone":16}},"DataVersion":3465}